CD_CENTRO,MesAno,EC_ANL_relativo_pred
CENTRO102,2025-07-01,0.10674256
CENTRO102,2025-08-01,0.087578245
CENTRO102,2025-09-01,0.09813709
CENTRO102,2025-10-01,0.084844165
CENTRO102,2025-11-01,0.07576633
CENTRO102,2025-12-01,0.06893258
CENTRO103,2025-07-01,0.11876658
CENTRO103,2025-08-01,0.1115038
CENTRO103,2025-09-01,0.095344715
CENTRO103,2025-10-01,0.10907565
CENTRO103,2025-11-01,0.11913087
CENTRO103,2025-12-01,0.1319902
CENTRO109,2025-07-01,0.1507458
CENTRO109,2025-08-01,0.1403012
CENTRO109,2025-09-01,0.12758742
CENTRO109,2025-10-01,0.10581139
CENTRO109,2025-11-01,0.12114509
CENTRO109,2025-12-01,0.09079088
CENTRO110,2025-07-01,0.06845592
CENTRO110,2025-08-01,0.09151012
CENTRO110,2025-09-01,0.10937605
CENTRO110,2025-10-01,0.12521012
CENTRO110,2025-11-01,0.12153992
CENTRO110,2025-12-01,0.11876973
CENTRO112,2025-07-01,0.053765256
CENTRO112,2025-08-01,0.05650861
CENTRO112,2025-09-01,0.06549124
CENTRO112,2025-10-01,0.06089779
CENTRO112,2025-11-01,0.05010733
CENTRO112,2025-12-01,0.03891584
CENTRO113,2025-07-01,0.034299053
CENTRO113,2025-08-01,0.0354352
CENTRO113,2025-09-01,0.061753154
CENTRO113,2025-10-01,0.04594535
CENTRO113,2025-11-01,0.0441752
CENTRO113,2025-12-01,0.037986066
CENTRO114,2025-07-01,0.12337828
CENTRO114,2025-08-01,0.14011063
CENTRO114,2025-09-01,0.15380175
CENTRO114,2025-10-01,0.17879239
CENTRO114,2025-11-01,0.17886178
CENTRO114,2025-12-01,0.1785804
CENTRO116,2025-07-01,0.12773304
CENTRO116,2025-08-01,0.11030162
CENTRO116,2025-09-01,0.10205598
CENTRO116,2025-10-01,0.09265886
CENTRO116,2025-11-01,0.1036822
CENTRO116,2025-12-01,0.09685583
CENTRO118,2025-07-01,0.16637297
CENTRO118,2025-08-01,0.1793686
CENTRO118,2025-09-01,0.19368118
CENTRO118,2025-10-01,0.1669173
CENTRO118,2025-11-01,0.15960686
CENTRO118,2025-12-01,0.1721405
CENTRO119,2025-07-01,0.05799868
CENTRO119,2025-08-01,0.058973964
CENTRO119,2025-09-01,0.06156966
CENTRO119,2025-10-01,0.06943632
CENTRO119,2025-11-01,0.08860294
CENTRO119,2025-12-01,0.07549679
CENTRO12,2025-07-01,0.08603042
CENTRO12,2025-08-01,0.07648304
CENTRO12,2025-09-01,0.081569836
CENTRO12,2025-10-01,0.09675289
CENTRO12,2025-11-01,0.09723385
CENTRO12,2025-12-01,0.08841324
CENTRO120,2025-07-01,0.103447646
CENTRO120,2025-08-01,0.12546141
CENTRO120,2025-09-01,0.13171658
CENTRO120,2025-10-01,0.11974167
CENTRO120,2025-11-01,0.11833028
CENTRO120,2025-12-01,0.12134903
CENTRO122,2025-07-01,0.060788907
CENTRO122,2025-08-01,0.04554377
CENTRO122,2025-09-01,0.06264325
CENTRO122,2025-10-01,0.044471834
CENTRO122,2025-11-01,0.053381436
CENTRO122,2025-12-01,0.0628708
CENTRO123,2025-07-01,0.12711832
CENTRO123,2025-08-01,0.12900157
CENTRO123,2025-09-01,0.107232384
CENTRO123,2025-10-01,0.10788742
CENTRO123,2025-11-01,0.12080705
CENTRO123,2025-12-01,0.11192786
CENTRO124,2025-07-01,0.16061588
CENTRO124,2025-08-01,0.15271573
CENTRO124,2025-09-01,0.13067271
CENTRO124,2025-10-01,0.1511758
CENTRO124,2025-11-01,0.14276743
CENTRO124,2025-12-01,0.12757927
CENTRO125,2025-07-01,0.11073901
CENTRO125,2025-08-01,0.100975
CENTRO125,2025-09-01,0.11857872
CENTRO125,2025-10-01,0.1337476
CENTRO125,2025-11-01,0.118744686
CENTRO125,2025-12-01,0.12491552
CENTRO127,2025-07-01,0.11394093
CENTRO127,2025-08-01,0.14427145
CENTRO127,2025-09-01,0.09070862
CENTRO127,2025-10-01,0.123060204
CENTRO127,2025-11-01,0.20405652
CENTRO127,2025-12-01,0.171956
CENTRO128,2025-07-01,0.1411991
CENTRO128,2025-08-01,0.124699585
CENTRO128,2025-09-01,0.11082843
CENTRO128,2025-10-01,0.10389215
CENTRO128,2025-11-01,0.10638703
CENTRO128,2025-12-01,0.119633414
CENTRO13,2025-07-01,0.10750682
CENTRO13,2025-08-01,0.11910824
CENTRO13,2025-09-01,0.12451285
CENTRO13,2025-10-01,0.109276325
CENTRO13,2025-11-01,0.09565802
CENTRO13,2025-12-01,0.08929051
CENTRO130,2025-07-01,0.13134684
CENTRO130,2025-08-01,0.10815275
CENTRO130,2025-09-01,0.09241713
CENTRO130,2025-10-01,0.11000948
CENTRO130,2025-11-01,0.11414742
CENTRO130,2025-12-01,0.09299223
CENTRO131,2025-07-01,0.13970922
CENTRO131,2025-08-01,0.12784144
CENTRO131,2025-09-01,0.14119725
CENTRO131,2025-10-01,0.11960535
CENTRO131,2025-11-01,0.12077671
CENTRO131,2025-12-01,0.12863426
CENTRO135,2025-07-01,0.08573882
CENTRO135,2025-08-01,0.103408225
CENTRO135,2025-09-01,0.11364636
CENTRO135,2025-10-01,0.10823752
CENTRO135,2025-11-01,0.109412394
CENTRO135,2025-12-01,0.11261593
CENTRO139,2025-07-01,0.09942875
CENTRO139,2025-08-01,0.08631181
CENTRO139,2025-09-01,0.07359357
CENTRO139,2025-10-01,0.08648305
CENTRO139,2025-11-01,0.103747725
CENTRO139,2025-12-01,0.10366833
CENTRO14,2025-07-01,0.17488627
CENTRO14,2025-08-01,0.13551484
CENTRO14,2025-09-01,0.19439094
CENTRO14,2025-10-01,0.19281086
CENTRO14,2025-11-01,0.1925988
CENTRO14,2025-12-01,0.164304
CENTRO141,2025-07-01,0.057982944
CENTRO141,2025-08-01,0.046135142
CENTRO141,2025-09-01,0.090055645
CENTRO141,2025-10-01,0.10087732
CENTRO141,2025-11-01,0.090154484
CENTRO141,2025-12-01,0.06644841
CENTRO142,2025-07-01,0.1431208
CENTRO142,2025-08-01,0.13875599
CENTRO142,2025-09-01,0.14640398
CENTRO142,2025-10-01,0.14119767
CENTRO142,2025-11-01,0.12697293
CENTRO142,2025-12-01,0.12108907
CENTRO147,2025-07-01,0.11036154
CENTRO147,2025-08-01,0.11779442
CENTRO147,2025-09-01,0.1462119
CENTRO147,2025-10-01,0.1219415
CENTRO147,2025-11-01,0.11256365
CENTRO147,2025-12-01,0.11266049
CENTRO149,2025-07-01,0.08616019
CENTRO149,2025-08-01,0.08589702
CENTRO149,2025-09-01,0.08435749
CENTRO149,2025-10-01,0.08569768
CENTRO149,2025-11-01,0.085656606
CENTRO149,2025-12-01,0.051968027
CENTRO15,2025-07-01,0.1285296
CENTRO15,2025-08-01,0.11142532
CENTRO15,2025-09-01,0.13282003
CENTRO15,2025-10-01,0.119158804
CENTRO15,2025-11-01,0.11214379
CENTRO15,2025-12-01,0.11948939
CENTRO150,2025-07-01,0.19782232
CENTRO150,2025-08-01,0.2010147
CENTRO150,2025-09-01,0.1986215
CENTRO150,2025-10-01,0.19692874
CENTRO150,2025-11-01,0.20156416
CENTRO150,2025-12-01,0.1959845
CENTRO151,2025-07-01,0.080920465
CENTRO151,2025-08-01,0.0776185
CENTRO151,2025-09-01,0.06976181
CENTRO151,2025-10-01,0.0622872
CENTRO151,2025-11-01,0.06055622
CENTRO151,2025-12-01,0.06484623
CENTRO152,2025-07-01,0.0886406
CENTRO152,2025-08-01,0.06644841
CENTRO152,2025-09-01,0.06942596
CENTRO152,2025-10-01,0.07306691
CENTRO152,2025-11-01,0.07611675
CENTRO152,2025-12-01,0.087340616
CENTRO153,2025-07-01,0.1329561
CENTRO153,2025-08-01,0.12439747
CENTRO153,2025-09-01,0.12566772
CENTRO153,2025-10-01,0.13221912
CENTRO153,2025-11-01,0.12566772
CENTRO153,2025-12-01,0.12834398
CENTRO154,2025-07-01,0.06949301
CENTRO154,2025-08-01,0.05293465
CENTRO154,2025-09-01,0.06265419
CENTRO154,2025-10-01,0.06420711
CENTRO154,2025-11-01,0.06154052
CENTRO154,2025-12-01,0.06947348
CENTRO155,2025-07-01,0.15540643
CENTRO155,2025-08-01,0.1444774
CENTRO155,2025-09-01,0.13535456
CENTRO155,2025-10-01,0.1258781
CENTRO155,2025-11-01,0.09679883
CENTRO155,2025-12-01,0.08759918
CENTRO16,2025-07-01,0.08495375
CENTRO16,2025-08-01,0.08104329
CENTRO16,2025-09-01,0.07247627
CENTRO16,2025-10-01,0.04575863
CENTRO16,2025-11-01,0.036280584
CENTRO16,2025-12-01,0.038684417
CENTRO160,2025-07-01,0.15157591
CENTRO160,2025-08-01,0.14039458
CENTRO160,2025-09-01,0.11339172
CENTRO160,2025-10-01,0.108166516
CENTRO160,2025-11-01,0.12697293
CENTRO160,2025-12-01,0.121398516
CENTRO162,2025-07-01,0.13301471
CENTRO162,2025-08-01,0.12801248
CENTRO162,2025-09-01,0.13162392
CENTRO162,2025-10-01,0.14841616
CENTRO162,2025-11-01,0.17650078
CENTRO162,2025-12-01,0.16069238
CENTRO163,2025-07-01,0.11536404
CENTRO163,2025-08-01,0.12086864
CENTRO163,2025-09-01,0.092124164
CENTRO163,2025-10-01,0.07382285
CENTRO163,2025-11-01,0.08307743
CENTRO163,2025-12-01,0.073073976
CENTRO164,2025-07-01,0.11932276
CENTRO164,2025-08-01,0.1036822
CENTRO164,2025-09-01,0.104752295
CENTRO164,2025-10-01,0.12084576
CENTRO164,2025-11-01,0.1129695
CENTRO164,2025-12-01,0.10793729
CENTRO165,2025-07-01,0.14446925
CENTRO165,2025-08-01,0.13176005
CENTRO165,2025-09-01,0.12934
CENTRO165,2025-10-01,0.12138175
CENTRO165,2025-11-01,0.10697654
CENTRO165,2025-12-01,0.107426494
CENTRO166,2025-07-01,0.07045666
CENTRO166,2025-08-01,0.06952511
CENTRO166,2025-09-01,0.06846399
CENTRO166,2025-10-01,0.055394907
CENTRO166,2025-11-01,0.046107788
CENTRO166,2025-12-01,0.05418596
CENTRO167,2025-07-01,0.19410942
CENTRO167,2025-08-01,0.19464616
CENTRO167,2025-09-01,0.1940768
CENTRO167,2025-10-01,0.19129375
CENTRO167,2025-11-01,0.17636175
CENTRO167,2025-12-01,0.14420386
CENTRO171,2025-07-01,0.14669426
CENTRO171,2025-08-01,0.1300959
CENTRO171,2025-09-01,0.12741964
CENTRO171,2025-10-01,0.1431208
CENTRO171,2025-11-01,0.13465469
CENTRO171,2025-12-01,0.13266583
CENTRO172,2025-07-01,0.16281064
CENTRO172,2025-08-01,0.17173605
CENTRO172,2025-09-01,0.16752405
CENTRO172,2025-10-01,0.15001626
CENTRO172,2025-11-01,0.17925368
CENTRO172,2025-12-01,0.19493309
CENTRO174,2025-07-01,0.07816876
CENTRO174,2025-08-01,0.07796412
CENTRO174,2025-09-01,0.07808763
CENTRO174,2025-10-01,0.06896611
CENTRO174,2025-11-01,0.05361624
CENTRO174,2025-12-01,0.064098276
CENTRO177,2025-07-01,0.10423486
CENTRO177,2025-08-01,0.12061724
CENTRO177,2025-09-01,0.1323556
CENTRO177,2025-10-01,0.14726514
CENTRO177,2025-11-01,0.14745706
CENTRO177,2025-12-01,0.15718035
CENTRO178,2025-07-01,0.12564835
CENTRO178,2025-08-01,0.07578424
CENTRO178,2025-09-01,0.0702097
CENTRO178,2025-10-01,0.09258862
CENTRO178,2025-11-01,0.09526589
CENTRO178,2025-12-01,0.0981717
CENTRO179,2025-07-01,0.19127214
CENTRO179,2025-08-01,0.1742551
CENTRO179,2025-09-01,0.15960686
CENTRO179,2025-10-01,0.1655678
CENTRO179,2025-11-01,0.17738906
CENTRO179,2025-12-01,0.19297533
CENTRO181,2025-07-01,0.034633398
CENTRO181,2025-08-01,0.03685733
CENTRO181,2025-09-01,0.04596752
CENTRO181,2025-10-01,0.07392575
CENTRO181,2025-11-01,0.07052056
CENTRO181,2025-12-01,0.08167716
CENTRO183,2025-07-01,0.14611737
CENTRO183,2025-08-01,0.13202436
CENTRO183,2025-09-01,0.1184093
CENTRO183,2025-10-01,0.11777747
CENTRO183,2025-11-01,0.13116096
CENTRO183,2025-12-01,0.09685175
CENTRO184,2025-07-01,0.10654926
CENTRO184,2025-08-01,0.090170436
CENTRO184,2025-09-01,0.07402234
CENTRO184,2025-10-01,0.06130504
CENTRO184,2025-11-01,0.07350664
CENTRO184,2025-12-01,0.06933693
CENTRO185,2025-07-01,0.1876357
CENTRO185,2025-08-01,0.19017494
CENTRO185,2025-09-01,0.18629976
CENTRO185,2025-10-01,0.16465634
CENTRO185,2025-11-01,0.15113361
CENTRO185,2025-12-01,0.1856506
CENTRO186,2025-07-01,0.05819629
CENTRO186,2025-08-01,0.06313933
CENTRO186,2025-09-01,0.058192953
CENTRO186,2025-10-01,0.06540833
CENTRO186,2025-11-01,0.079123095
CENTRO186,2025-12-01,0.07839507
CENTRO187,2025-07-01,0.073455
CENTRO187,2025-08-01,0.0929774
CENTRO187,2025-09-01,0.09907637
CENTRO187,2025-10-01,0.11051914
CENTRO187,2025-11-01,0.10336843
CENTRO187,2025-12-01,0.13427572
CENTRO188,2025-07-01,0.1464843
CENTRO188,2025-08-01,0.14168265
CENTRO188,2025-09-01,0.12644555
CENTRO188,2025-10-01,0.11065778
CENTRO188,2025-11-01,0.106196776
CENTRO188,2025-12-01,0.12484418
CENTRO189,2025-07-01,0.09237989
CENTRO189,2025-08-01,0.07049079
CENTRO189,2025-09-01,0.0691831
CENTRO189,2025-10-01,0.10801583
CENTRO189,2025-11-01,0.10398904
CENTRO189,2025-12-01,0.0870266
CENTRO19,2025-07-01,0.101261005
CENTRO19,2025-08-01,0.097353175
CENTRO19,2025-09-01,0.10533381
CENTRO19,2025-10-01,0.09766315
CENTRO19,2025-11-01,0.09138792
CENTRO19,2025-12-01,0.10205125
CENTRO190,2025-07-01,0.05910115
CENTRO190,2025-08-01,0.08366626
CENTRO190,2025-09-01,0.10019654
CENTRO190,2025-10-01,0.07447381
CENTRO190,2025-11-01,0.08066527
CENTRO190,2025-12-01,0.07578751
CENTRO191,2025-07-01,0.09424594
CENTRO191,2025-08-01,0.09535076
CENTRO191,2025-09-01,0.09506878
CENTRO191,2025-10-01,0.11374431
CENTRO191,2025-11-01,0.10041173
CENTRO191,2025-12-01,0.1265562
CENTRO192,2025-07-01,0.11935378
CENTRO192,2025-08-01,0.12979536
CENTRO192,2025-09-01,0.111847535
CENTRO192,2025-10-01,0.119485795
CENTRO192,2025-11-01,0.12805738
CENTRO192,2025-12-01,0.12530133
CENTRO193,2025-07-01,0.12970456
CENTRO193,2025-08-01,0.11868092
CENTRO193,2025-09-01,0.1084043
CENTRO193,2025-10-01,0.09534628
CENTRO193,2025-11-01,0.07728413
CENTRO193,2025-12-01,0.07073764
CENTRO194,2025-07-01,0.06453318
CENTRO194,2025-08-01,0.085804045
CENTRO194,2025-09-01,0.09389841
CENTRO194,2025-10-01,0.1102777
CENTRO194,2025-11-01,0.12175585
CENTRO194,2025-12-01,0.11828617
CENTRO195,2025-07-01,0.17386003
CENTRO195,2025-08-01,0.16566709
CENTRO195,2025-09-01,0.15495495
CENTRO195,2025-10-01,0.16644873
CENTRO195,2025-11-01,0.16291228
CENTRO195,2025-12-01,0.19368118
CENTRO196,2025-07-01,0.08072672
CENTRO196,2025-08-01,0.09303419
CENTRO196,2025-09-01,0.0992901
CENTRO196,2025-10-01,0.07495512
CENTRO196,2025-11-01,0.10329092
CENTRO196,2025-12-01,0.11232297
CENTRO2,2025-07-01,0.11691491
CENTRO2,2025-08-01,0.10863488
CENTRO2,2025-09-01,0.09547989
CENTRO2,2025-10-01,0.0842935
CENTRO2,2025-11-01,0.085646935
CENTRO2,2025-12-01,0.0824944
CENTRO204,2025-07-01,0.05866718
CENTRO204,2025-08-01,0.06395852
CENTRO204,2025-09-01,0.05591698
CENTRO204,2025-10-01,0.055563785
CENTRO204,2025-11-01,0.056908213
CENTRO204,2025-12-01,0.0630443
CENTRO205,2025-07-01,0.034286827
CENTRO205,2025-08-01,0.03455859
CENTRO205,2025-09-01,0.060253713
CENTRO205,2025-10-01,0.04890567
CENTRO205,2025-11-01,0.046174195
CENTRO205,2025-12-01,0.034751143
CENTRO206,2025-07-01,0.1747014
CENTRO206,2025-08-01,0.14806443
CENTRO206,2025-09-01,0.15614235
CENTRO206,2025-10-01,0.124793656
CENTRO206,2025-11-01,0.09750428
CENTRO206,2025-12-01,0.09235742
CENTRO207,2025-07-01,0.097271904
CENTRO207,2025-08-01,0.11849896
CENTRO207,2025-09-01,0.10159654
CENTRO207,2025-10-01,0.09935794
CENTRO207,2025-11-01,0.09996198
CENTRO207,2025-12-01,0.12092681
CENTRO208,2025-07-01,0.10814228
CENTRO208,2025-08-01,0.11998763
CENTRO208,2025-09-01,0.1251642
CENTRO208,2025-10-01,0.09262025
CENTRO208,2025-11-01,0.09565802
CENTRO208,2025-12-01,0.06826907
CENTRO209,2025-07-01,0.09817339
CENTRO209,2025-08-01,0.10113974
CENTRO209,2025-09-01,0.14778635
CENTRO209,2025-10-01,0.12676963
CENTRO209,2025-11-01,0.10183532
CENTRO209,2025-12-01,0.10878806
CENTRO21,2025-07-01,0.036101006
CENTRO21,2025-08-01,0.041780066
CENTRO21,2025-09-01,0.056927346
CENTRO21,2025-10-01,0.054131728
CENTRO21,2025-11-01,0.05648133
CENTRO21,2025-12-01,0.079072446
CENTRO210,2025-07-01,0.05447879
CENTRO210,2025-08-01,0.06431348
CENTRO210,2025-09-01,0.07112971
CENTRO210,2025-10-01,0.06251838
CENTRO210,2025-11-01,0.053139396
CENTRO210,2025-12-01,0.03516838
CENTRO211,2025-07-01,0.14763163
CENTRO211,2025-08-01,0.14386435
CENTRO211,2025-09-01,0.15048824
CENTRO211,2025-10-01,0.12906034
CENTRO211,2025-11-01,0.11359945
CENTRO211,2025-12-01,0.12106699
CENTRO213,2025-07-01,0.07953045
CENTRO213,2025-08-01,0.08733315
CENTRO213,2025-09-01,0.07441277
CENTRO213,2025-10-01,0.054894406
CENTRO213,2025-11-01,0.07157411
CENTRO213,2025-12-01,0.07170785
CENTRO214,2025-07-01,0.045965835
CENTRO214,2025-08-01,0.06135112
CENTRO214,2025-09-01,0.06879377
CENTRO214,2025-10-01,0.06477522
CENTRO214,2025-11-01,0.06880478
CENTRO214,2025-12-01,0.0826606
CENTRO221,2025-07-01,0.08995205
CENTRO221,2025-08-01,0.09868943
CENTRO221,2025-09-01,0.093121566
CENTRO221,2025-10-01,0.08586348
CENTRO221,2025-11-01,0.09400558
CENTRO221,2025-12-01,0.082522035
CENTRO224,2025-07-01,0.085182816
CENTRO224,2025-08-01,0.09465685
CENTRO224,2025-09-01,0.0924455
CENTRO224,2025-10-01,0.07367446
CENTRO224,2025-11-01,0.07278467
CENTRO224,2025-12-01,0.090076365
CENTRO225,2025-07-01,0.07562809
CENTRO225,2025-08-01,0.07046172
CENTRO225,2025-09-01,0.053658858
CENTRO225,2025-10-01,0.046074662
CENTRO225,2025-11-01,0.046809826
CENTRO225,2025-12-01,0.03726547
CENTRO227,2025-07-01,0.06065291
CENTRO227,2025-08-01,0.058888976
CENTRO227,2025-09-01,0.064074025
CENTRO227,2025-10-01,0.07096376
CENTRO227,2025-11-01,0.06850726
CENTRO227,2025-12-01,0.078269
CENTRO239,2025-07-01,0.1811226
CENTRO239,2025-08-01,0.1779354
CENTRO239,2025-09-01,0.18981716
CENTRO239,2025-10-01,0.18793577
CENTRO239,2025-11-01,0.18133341
CENTRO239,2025-12-01,0.16431582
CENTRO24,2025-07-01,0.03568799
CENTRO24,2025-08-01,0.03664457
CENTRO24,2025-09-01,0.03596573
CENTRO24,2025-10-01,0.06157691
CENTRO24,2025-11-01,0.054936662
CENTRO24,2025-12-01,0.059337884
CENTRO240,2025-07-01,0.09751106
CENTRO240,2025-08-01,0.10790924
CENTRO240,2025-09-01,0.10360187
CENTRO240,2025-10-01,0.10702326
CENTRO240,2025-11-01,0.11754239
CENTRO240,2025-12-01,0.12848797
CENTRO241,2025-07-01,0.06860641
CENTRO241,2025-08-01,0.06058661
CENTRO241,2025-09-01,0.05860793
CENTRO241,2025-10-01,0.053394828
CENTRO241,2025-11-01,0.046961885
CENTRO241,2025-12-01,0.0783852
CENTRO242,2025-07-01,0.096001245
CENTRO242,2025-08-01,0.12019543
CENTRO242,2025-09-01,0.10819151
CENTRO242,2025-10-01,0.08929725
CENTRO242,2025-11-01,0.07565318
CENTRO242,2025-12-01,0.07899773
CENTRO243,2025-07-01,0.121387735
CENTRO243,2025-08-01,0.110908754
CENTRO243,2025-09-01,0.11038979
CENTRO243,2025-10-01,0.11356603
CENTRO243,2025-11-01,0.10863397
CENTRO243,2025-12-01,0.110989965
CENTRO25,2025-07-01,0.09451689
CENTRO25,2025-08-01,0.07402234
CENTRO25,2025-09-01,0.07113952
CENTRO25,2025-10-01,0.07352813
CENTRO25,2025-11-01,0.07158416
CENTRO25,2025-12-01,0.09076839
CENTRO260,2025-07-01,0.060903717
CENTRO260,2025-08-01,0.049960542
CENTRO260,2025-09-01,0.038689896
CENTRO260,2025-10-01,0.035714153
CENTRO260,2025-11-01,0.057077695
CENTRO260,2025-12-01,0.064906746
CENTRO261,2025-07-01,0.0792006
CENTRO261,2025-08-01,0.07981899
CENTRO261,2025-09-01,0.07199896
CENTRO261,2025-10-01,0.07777791
CENTRO261,2025-11-01,0.06473221
CENTRO261,2025-12-01,0.08470919
CENTRO264,2025-07-01,0.13241869
CENTRO264,2025-08-01,0.15697968
CENTRO264,2025-09-01,0.150182
CENTRO264,2025-10-01,0.13050619
CENTRO264,2025-11-01,0.12817025
CENTRO264,2025-12-01,0.10309312
CENTRO266,2025-07-01,0.15485431
CENTRO266,2025-08-01,0.14750503
CENTRO266,2025-09-01,0.15718402
CENTRO266,2025-10-01,0.11247764
CENTRO266,2025-11-01,0.10504527
CENTRO266,2025-12-01,0.10539807
CENTRO267,2025-07-01,0.103059694
CENTRO267,2025-08-01,0.091345534
CENTRO267,2025-09-01,0.124515995
CENTRO267,2025-10-01,0.08609588
CENTRO267,2025-11-01,0.0906599
CENTRO267,2025-12-01,0.082845815
CENTRO268,2025-07-01,0.08592601
CENTRO268,2025-08-01,0.08608356
CENTRO268,2025-09-01,0.054755054
CENTRO268,2025-10-01,0.057854705
CENTRO268,2025-11-01,0.054158702
CENTRO268,2025-12-01,0.046232745
CENTRO269,2025-07-01,0.08904823
CENTRO269,2025-08-01,0.082962
CENTRO269,2025-09-01,0.09143338
CENTRO269,2025-10-01,0.09524083
CENTRO269,2025-11-01,0.0928048
CENTRO269,2025-12-01,0.108178586
CENTRO27,2025-07-01,0.07154925
CENTRO27,2025-08-01,0.06999812
CENTRO27,2025-09-01,0.049410537
CENTRO27,2025-10-01,0.046107788
CENTRO27,2025-11-01,0.058589853
CENTRO27,2025-12-01,0.06832339
CENTRO272,2025-07-01,0.11636657
CENTRO272,2025-08-01,0.085804194
CENTRO272,2025-09-01,0.08399425
CENTRO272,2025-10-01,0.102587044
CENTRO272,2025-11-01,0.08627144
CENTRO272,2025-12-01,0.07216629
CENTRO273,2025-07-01,0.071052976
CENTRO273,2025-08-01,0.07002198
CENTRO273,2025-09-01,0.06155992
CENTRO273,2025-10-01,0.059112135
CENTRO273,2025-11-01,0.05626914
CENTRO273,2025-12-01,0.059293684
CENTRO274,2025-07-01,0.13296208
CENTRO274,2025-08-01,0.12793598
CENTRO274,2025-09-01,0.119163916
CENTRO274,2025-10-01,0.11356603
CENTRO274,2025-11-01,0.10736799
CENTRO274,2025-12-01,0.10750682
CENTRO275,2025-07-01,0.08022111
CENTRO275,2025-08-01,0.070477456
CENTRO275,2025-09-01,0.06379673
CENTRO275,2025-10-01,0.07294204
CENTRO275,2025-11-01,0.084516756
CENTRO275,2025-12-01,0.08556628
CENTRO277,2025-07-01,0.12677962
CENTRO277,2025-08-01,0.12108907
CENTRO277,2025-09-01,0.12668432
CENTRO277,2025-10-01,0.14114141
CENTRO277,2025-11-01,0.13229944
CENTRO277,2025-12-01,0.11881253
CENTRO279,2025-07-01,0.10616619
CENTRO279,2025-08-01,0.112032965
CENTRO279,2025-09-01,0.078782104
CENTRO279,2025-10-01,0.09292344
CENTRO279,2025-11-01,0.104146264
CENTRO279,2025-12-01,0.075383656
CENTRO280,2025-07-01,0.09280508
CENTRO280,2025-08-01,0.12389814
CENTRO280,2025-09-01,0.12014137
CENTRO280,2025-10-01,0.089393266
CENTRO280,2025-11-01,0.09988166
CENTRO280,2025-12-01,0.121888794
CENTRO281,2025-07-01,0.07704779
CENTRO281,2025-08-01,0.08344508
CENTRO281,2025-09-01,0.039095942
CENTRO281,2025-10-01,0.05927819
CENTRO281,2025-11-01,0.08851364
CENTRO281,2025-12-01,0.07773157
CENTRO29,2025-07-01,0.18929718
CENTRO29,2025-08-01,0.1970454
CENTRO29,2025-09-01,0.19089304
CENTRO29,2025-10-01,0.15255125
CENTRO29,2025-11-01,0.15232225
CENTRO29,2025-12-01,0.15009199
CENTRO291,2025-07-01,0.08862613
CENTRO291,2025-08-01,0.07303986
CENTRO291,2025-09-01,0.11680416
CENTRO291,2025-10-01,0.111778714
CENTRO291,2025-11-01,0.08775657
CENTRO291,2025-12-01,0.0841687
CENTRO293,2025-07-01,0.08583423
CENTRO293,2025-08-01,0.083992496
CENTRO293,2025-09-01,0.059314586
CENTRO293,2025-10-01,0.043485977
CENTRO293,2025-11-01,0.05172885
CENTRO293,2025-12-01,0.06431489
CENTRO3,2025-07-01,0.09965957
CENTRO3,2025-08-01,0.1138257
CENTRO3,2025-09-01,0.10366833
CENTRO3,2025-10-01,0.10359752
CENTRO3,2025-11-01,0.08541767
CENTRO3,2025-12-01,0.07598628
CENTRO32,2025-07-01,0.12588365
CENTRO32,2025-08-01,0.13226259
CENTRO32,2025-09-01,0.12951162
CENTRO32,2025-10-01,0.12817882
CENTRO32,2025-11-01,0.0968683
CENTRO32,2025-12-01,0.107426494
CENTRO33,2025-07-01,0.14918022
CENTRO33,2025-08-01,0.1478446
CENTRO33,2025-09-01,0.1315814
CENTRO33,2025-10-01,0.12863426
CENTRO33,2025-11-01,0.12741964
CENTRO33,2025-12-01,0.12712936
CENTRO34,2025-07-01,0.06317737
CENTRO34,2025-08-01,0.07089523
CENTRO34,2025-09-01,0.06752657
CENTRO34,2025-10-01,0.06199493
CENTRO34,2025-11-01,0.055894773
CENTRO34,2025-12-01,0.0594865
CENTRO35,2025-07-01,0.12552664
CENTRO35,2025-08-01,0.15402518
CENTRO35,2025-09-01,0.16504982
CENTRO35,2025-10-01,0.13936144
CENTRO35,2025-11-01,0.13260274
CENTRO35,2025-12-01,0.14276743
CENTRO36,2025-07-01,0.0652436
CENTRO36,2025-08-01,0.06375295
CENTRO36,2025-09-01,0.07315472
CENTRO36,2025-10-01,0.077616744
CENTRO36,2025-11-01,0.0882939
CENTRO36,2025-12-01,0.08981785
CENTRO39,2025-07-01,0.124482594
CENTRO39,2025-08-01,0.121798076
CENTRO39,2025-09-01,0.107537836
CENTRO39,2025-10-01,0.10915168
CENTRO39,2025-11-01,0.16154604
CENTRO39,2025-12-01,0.11932259
CENTRO4,2025-07-01,0.116480686
CENTRO4,2025-08-01,0.12959199
CENTRO4,2025-09-01,0.11778682
CENTRO4,2025-10-01,0.089438915
CENTRO4,2025-11-01,0.09511677
CENTRO4,2025-12-01,0.08159405
CENTRO40,2025-07-01,0.14065766
CENTRO40,2025-08-01,0.15527114
CENTRO40,2025-09-01,0.13414267
CENTRO40,2025-10-01,0.14193688
CENTRO40,2025-11-01,0.1345916
CENTRO40,2025-12-01,0.13385239
CENTRO42,2025-07-01,0.19909303
CENTRO42,2025-08-01,0.15074912
CENTRO42,2025-09-01,0.14313217
CENTRO42,2025-10-01,0.12978515
CENTRO42,2025-11-01,0.11993824
CENTRO42,2025-12-01,0.11480241
CENTRO43,2025-07-01,0.110888
CENTRO43,2025-08-01,0.09478696
CENTRO43,2025-09-01,0.104062796
CENTRO43,2025-10-01,0.10744832
CENTRO43,2025-11-01,0.107484184
CENTRO43,2025-12-01,0.12537025
CENTRO44,2025-07-01,0.15523043
CENTRO44,2025-08-01,0.18153432
CENTRO44,2025-09-01,0.16767149
CENTRO44,2025-10-01,0.16431582
CENTRO44,2025-11-01,0.16756453
CENTRO44,2025-12-01,0.16431178
CENTRO45,2025-07-01,0.10838382
CENTRO45,2025-08-01,0.121387735
CENTRO45,2025-09-01,0.103466265
CENTRO45,2025-10-01,0.10750682
CENTRO45,2025-11-01,0.11090964
CENTRO45,2025-12-01,0.121429354
CENTRO46,2025-07-01,0.08306898
CENTRO46,2025-08-01,0.100675456
CENTRO46,2025-09-01,0.0944493
CENTRO46,2025-10-01,0.10234358
CENTRO46,2025-11-01,0.13175794
CENTRO46,2025-12-01,0.14241067
CENTRO47,2025-07-01,0.1419402
CENTRO47,2025-08-01,0.13296558
CENTRO47,2025-09-01,0.12530133
CENTRO47,2025-10-01,0.11956373
CENTRO47,2025-11-01,0.13521206
CENTRO47,2025-12-01,0.10919482
CENTRO48,2025-07-01,0.13947375
CENTRO48,2025-08-01,0.15192638
CENTRO48,2025-09-01,0.14379904
CENTRO48,2025-10-01,0.14193423
CENTRO48,2025-11-01,0.13414267
CENTRO48,2025-12-01,0.13414267
CENTRO5,2025-07-01,0.10817544
CENTRO5,2025-08-01,0.0980544
CENTRO5,2025-09-01,0.09565339
CENTRO5,2025-10-01,0.091843195
CENTRO5,2025-11-01,0.11866153
CENTRO5,2025-12-01,0.11849896
CENTRO50,2025-07-01,0.08305726
CENTRO50,2025-08-01,0.0801251
CENTRO50,2025-09-01,0.07892406
CENTRO50,2025-10-01,0.04494808
CENTRO50,2025-11-01,0.054615706
CENTRO50,2025-12-01,0.06431489
CENTRO51,2025-07-01,0.088669874
CENTRO51,2025-08-01,0.07011894
CENTRO51,2025-09-01,0.07595159
CENTRO51,2025-10-01,0.05861227
CENTRO51,2025-11-01,0.057500623
CENTRO51,2025-12-01,0.060125574
CENTRO52,2025-07-01,0.10815275
CENTRO52,2025-08-01,0.093227044
CENTRO52,2025-09-01,0.11253246
CENTRO52,2025-10-01,0.110663764
CENTRO52,2025-11-01,0.104718484
CENTRO52,2025-12-01,0.12537025
CENTRO54,2025-07-01,0.066157185
CENTRO54,2025-08-01,0.07154925
CENTRO54,2025-09-01,0.08026866
CENTRO54,2025-10-01,0.06526338
CENTRO54,2025-11-01,0.055809394
CENTRO54,2025-12-01,0.05966337
CENTRO55,2025-07-01,0.07012005
CENTRO55,2025-08-01,0.09358797
CENTRO55,2025-09-01,0.09545237
CENTRO55,2025-10-01,0.12708026
CENTRO55,2025-11-01,0.14714251
CENTRO55,2025-12-01,0.09782912
CENTRO6,2025-07-01,0.08122639
CENTRO6,2025-08-01,0.06311128
CENTRO6,2025-09-01,0.07770839
CENTRO6,2025-10-01,0.06378335
CENTRO6,2025-11-01,0.05945084
CENTRO6,2025-12-01,0.049465373
CENTRO60,2025-07-01,0.11752952
CENTRO60,2025-08-01,0.16623884
CENTRO60,2025-09-01,0.17465048
CENTRO60,2025-10-01,0.16178882
CENTRO60,2025-11-01,0.17580596
CENTRO60,2025-12-01,0.16606426
CENTRO61,2025-07-01,0.089257576
CENTRO61,2025-08-01,0.09981433
CENTRO61,2025-09-01,0.08792627
CENTRO61,2025-10-01,0.095492214
CENTRO61,2025-11-01,0.09266959
CENTRO61,2025-12-01,0.076994926
CENTRO62,2025-07-01,0.12625988
CENTRO62,2025-08-01,0.10585852
CENTRO62,2025-09-01,0.13870895
CENTRO62,2025-10-01,0.10236586
CENTRO62,2025-11-01,0.15082459
CENTRO62,2025-12-01,0.16323975
CENTRO63,2025-07-01,0.06577715
CENTRO63,2025-08-01,0.056484185
CENTRO63,2025-09-01,0.071211144
CENTRO63,2025-10-01,0.04626955
CENTRO63,2025-11-01,0.03732252
CENTRO63,2025-12-01,0.04141188
CENTRO64,2025-07-01,0.10415303
CENTRO64,2025-08-01,0.13498649
CENTRO64,2025-09-01,0.10762867
CENTRO64,2025-10-01,0.09980257
CENTRO64,2025-11-01,0.08610623
CENTRO64,2025-12-01,0.06749123
CENTRO65,2025-07-01,0.14685543
CENTRO65,2025-08-01,0.14273028
CENTRO65,2025-09-01,0.12013823
CENTRO65,2025-10-01,0.10193395
CENTRO65,2025-11-01,0.113704085
CENTRO65,2025-12-01,0.10600063
CENTRO69,2025-07-01,0.051916793
CENTRO69,2025-08-01,0.050661184
CENTRO69,2025-09-01,0.047682267
CENTRO69,2025-10-01,0.05837743
CENTRO69,2025-11-01,0.049465448
CENTRO69,2025-12-01,0.0635856
CENTRO70,2025-07-01,0.14135632
CENTRO70,2025-08-01,0.16383697
CENTRO70,2025-09-01,0.16712718
CENTRO70,2025-10-01,0.19037412
CENTRO70,2025-11-01,0.18788543
CENTRO70,2025-12-01,0.1847478
CENTRO71,2025-07-01,0.12471846
CENTRO71,2025-08-01,0.12701859
CENTRO71,2025-09-01,0.11752986
CENTRO71,2025-10-01,0.1253811
CENTRO71,2025-11-01,0.13221912
CENTRO71,2025-12-01,0.1193954
CENTRO72,2025-07-01,0.09406533
CENTRO72,2025-08-01,0.07379053
CENTRO72,2025-09-01,0.104264885
CENTRO72,2025-10-01,0.100081585
CENTRO72,2025-11-01,0.12348747
CENTRO72,2025-12-01,0.12589674
CENTRO73,2025-07-01,0.19502538
CENTRO73,2025-08-01,0.16559653
CENTRO73,2025-09-01,0.19534683
CENTRO73,2025-10-01,0.19074333
CENTRO73,2025-11-01,0.19458582
CENTRO73,2025-12-01,0.1875682
CENTRO77,2025-07-01,0.11938591
CENTRO77,2025-08-01,0.112740874
CENTRO77,2025-09-01,0.11148133
CENTRO77,2025-10-01,0.1316118
CENTRO77,2025-11-01,0.12733877
CENTRO77,2025-12-01,0.10564857
CENTRO8,2025-07-01,0.08852127
CENTRO8,2025-08-01,0.08080139
CENTRO8,2025-09-01,0.105939575
CENTRO8,2025-10-01,0.08904823
CENTRO8,2025-11-01,0.07367446
CENTRO8,2025-12-01,0.08611411
CENTRO83,2025-07-01,0.13841458
CENTRO83,2025-08-01,0.1250278
CENTRO83,2025-09-01,0.1099278
CENTRO83,2025-10-01,0.10213955
CENTRO83,2025-11-01,0.093040444
CENTRO83,2025-12-01,0.07892686
CENTRO87,2025-07-01,0.080805786
CENTRO87,2025-08-01,0.09510442
CENTRO87,2025-09-01,0.099689975
CENTRO87,2025-10-01,0.08979177
CENTRO87,2025-11-01,0.10645999
CENTRO87,2025-12-01,0.12488981
CENTRO91,2025-07-01,0.14871071
CENTRO91,2025-08-01,0.16296338
CENTRO91,2025-09-01,0.13035116
CENTRO91,2025-10-01,0.1431208
CENTRO91,2025-11-01,0.12974253
CENTRO91,2025-12-01,0.14184724
CENTRO94,2025-07-01,0.07955034
CENTRO94,2025-08-01,0.047007218
CENTRO94,2025-09-01,0.07239337
CENTRO94,2025-10-01,0.07829249
CENTRO94,2025-11-01,0.077772155
CENTRO94,2025-12-01,0.0631683
CENTRO95,2025-07-01,0.16333368
CENTRO95,2025-08-01,0.17886178
CENTRO95,2025-09-01,0.16067821
CENTRO95,2025-10-01,0.12327477
CENTRO95,2025-11-01,0.13473551
CENTRO95,2025-12-01,0.12855466
